day,aliveAnimals,emptyFields,dominantGenes,averageEnergy,averageLifeLength,averageNumberOfChildren
1,51,1427,[6 7 6 7 7 6 6 2 4 1 5 1 7 3 2 1 2 2 6 4],97.05882352941177,0.0,0.0392156862745098
2,52,1405,[6 2 4 5 1 0 6 0 2 6 5 3 6 6 7 2 5 4 4 0],94.21153846153847,0.0,0.07692307692307693
3,52,1385,[6 2 4 5 1 0 6 0 2 6 5 3 6 6 7 2 5 4 4 0],93.59615384615384,0.0,0.07692307692307693
4,52,1367,[6 2 4 5 1 0 6 0 2 6 5 3 6 6 7 2 5 4 4 0],93.75,0.0,0.07692307692307693
5,54,1354,[6 2 4 5 1 0 6 0 2 6 5 3 6 6 7 2 5 4 4 0],90.05555555555556,0.0,0.14814814814814814
6,55,1334,[6 2 4 5 1 0 6 0 2 6 5 3 6 6 7 2 5 4 4 0],89.25454545454545,0.0,0.18181818181818182
7,55,1317,[6 2 4 5 1 0 6 0 2 6 5 3 6 6 7 2 5 4 4 0],89.7090909090909,0.0,0.18181818181818182
8,55,1299,[6 2 4 5 1 0 6 0 2 6 5 3 6 6 7 2 5 4 4 0],90.16363636363636,0.0,0.18181818181818182
9,56,1282,[6 2 4 5 1 0 6 0 2 6 5 3 6 6 7 2 5 4 4 0],88.28571428571429,0.0,0.21428571428571427
10,57,1268,[6 2 4 5 1 0 6 0 2 6 5 3 6 6 7 2 5 4 4 0],87.85964912280701,0.0,0.24561403508771928
11,60,1255,[0 1 2 7 0 6 1 3 6 6 2 2 4 5 2 7 5 2 7 1],84.18333333333334,0.0,0.3333333333333333
12,60,1235,[0 1 2 7 0 6 1 3 6 6 2 2 4 5 2 7 5 2 7 1],85.85,0.0,0.3333333333333333
13,60,1225,[0 1 2 7 0 6 1 3 6 6 2 2 4 5 2 7 5 2 7 1],87.18333333333334,0.0,0.3333333333333333
14,61,1207,[0 1 2 7 0 6 1 3 6 6 2 2 4 5 2 7 5 2 7 1],85.75409836065573,0.0,0.36065573770491804
15,62,1194,[0 1 2 7 0 6 1 3 6 6 2 2 4 5 2 7 5 2 7 1],85.64516129032258,0.0,0.3870967741935484
16,62,1183,[0 1 2 7 0 6 1 3 6 6 2 2 4 5 2 7 5 2 7 1],86.58064516129032,0.0,0.3870967741935484
17,63,1170,[0 1 2 7 0 6 1 3 6 6 2 2 4 5 2 7 5 2 7 1],87.39682539682539,0.0,0.4126984126984127
18,64,1155,[0 1 2 7 0 6 1 3 6 6 2 2 4 5 2 7 5 2 7 1],86.921875,0.0,0.4375
19,64,1141,[0 1 2 7 0 6 1 3 6 6 2 2 4 5 2 7 5 2 7 1],88.734375,0.0,0.4375
20,67,1138,[0 1 2 7 0 6 1 3 6 6 2 2 4 5 2 7 5 2 7 1],87.38805970149254,0.0,0.5074626865671642
21,67,1121,[0 1 2 7 0 6 1 3 6 6 2 2 4 5 2 7 5 2 7 1],88.17910447761194,20.0,0.5373134328358209
22,66,1107,[0 1 2 7 0 6 1 3 6 6 2 2 4 5 2 7 5 2 7 1],90.92424242424242,20.0,0.5454545454545454
23,67,1099,[0 1 2 7 0 6 1 3 6 6 2 2 4 5 2 7 5 2 7 1],91.86567164179104,20.0,0.5671641791044776
24,70,1098,[0 1 2 7 0 6 1 3 6 6 2 2 4 5 2 7 5 2 7 1],91.25714285714285,20.0,0.6285714285714286
25,71,1091,[0 1 2 7 0 6 1 3 6 6 2 2 4 5 2 7 5 2 7 1],93.21126760563381,20.0,0.704225352112676
26,72,1087,[0 1 2 7 0 6 1 3 6 6 2 2 4 5 2 7 5 2 7 1],95.09722222222223,20.0,0.75
27,74,1083,[0 1 2 7 0 6 1 3 6 6 2 2 4 5 2 7 5 2 7 1],96.41891891891892,20.0,0.7837837837837838
28,74,1074,[0 1 2 7 0 6 1 3 6 6 2 2 4 5 2 7 5 2 7 1],100.01351351351352,20.0,0.7837837837837838
29,76,1075,[0 1 2 7 0 6 1 3 6 6 2 2 4 5 2 7 5 2 7 1],100.09210526315789,20.0,0.8421052631578947
30,78,1068,[0 1 2 7 0 6 1 3 6 6 2 2 4 5 2 7 5 2 7 1],101.16666666666667,20.0,0.8717948717948718
31,78,1070,[3 6 5 7 6 4 1 4 7 4 6 6 5 4 5 5 2 7 1 6],105.8076923076923,20.0,0.9230769230769231
32,79,1069,[3 6 5 7 6 4 1 4 7 4 6 6 5 4 5 5 2 7 1 6],108.79746835443038,20.0,0.9367088607594937
33,80,1073,[3 6 5 7 6 4 1 4 7 4 6 6 5 4 5 5 2 7 1 6],111.45,20.0,0.95
34,82,1071,[3 6 5 7 6 4 1 4 7 4 6 6 5 4 5 5 2 7 1 6],112.63414634146342,20.0,0.975609756097561
35,83,1063,[3 6 5 7 6 4 1 4 7 4 6 6 5 4 5 5 2 7 1 6],114.62650602409639,20.0,0.9879518072289156
36,85,1057,[3 6 5 7 6 4 1 4 7 4 6 6 5 4 5 5 2 7 1 6],115.4235294117647,20.0,1.011764705882353
37,85,1053,[3 6 5 7 6 4 1 4 7 4 6 6 5 4 5 5 2 7 1 6],118.89411764705882,20.0,1.011764705882353
38,85,1054,[3 6 5 7 6 4 1 4 7 4 6 6 5 4 5 5 2 7 1 6],121.89411764705882,20.0,1.011764705882353
39,85,1050,[3 6 5 7 6 4 1 4 7 4 6 6 5 4 5 5 2 7 1 6],125.83529411764705,20.0,1.011764705882353
40,86,1059,[3 6 5 7 6 4 1 4 7 4 6 6 5 4 5 5 2 7 1 6],129.43023255813952,20.0,1.069767441860465
41,88,1059,[3 6 5 7 6 4 1 4 7 4 6 6 5 4 5 5 2 7 1 6],130.2840909090909,20.0,1.0909090909090908
42,89,1058,[3 6 5 7 6 4 1 4 7 4 6 6 5 4 5 5 2 7 1 6],131.87640449438203,20.0,1.101123595505618
43,93,1051,[3 6 5 7 6 4 1 4 7 4 6 6 5 4 5 5 2 7 1 6],128.04301075268816,20.0,1.1397849462365592
44,94,1042,[3 6 5 7 6 4 1 4 7 4 6 6 5 4 5 5 2 7 1 6],129.5212765957447,20.0,1.148936170212766
45,97,1046,[3 6 5 7 6 4 1 4 7 4 6 6 5 4 5 5 2 7 1 6],128.8762886597938,20.0,1.175257731958763
46,103,1045,[3 6 5 7 6 4 1 4 7 4 6 6 5 4 5 5 2 7 1 6],124.11650485436893,20.0,1.2233009708737863
47,107,1046,[3 6 5 7 6 4 1 4 7 4 6 6 5 4 5 5 2 7 1 6],123.0,20.0,1.2523364485981308
48,109,1040,[3 6 5 7 6 4 1 4 7 4 6 6 5 4 5 5 2 7 1 6],124.1651376146789,20.0,1.2660550458715596
49,112,1044,[3 6 5 7 6 4 1 4 7 4 6 6 5 4 5 5 2 7 1 6],124.15178571428571,20.0,1.3035714285714286
50,111,1046,[3 6 5 7 6 4 1 4 7 4 6 6 5 4 5 5 2 7 1 6],128.94594594594594,20.0,1.3153153153153154
51,112,1051,[3 6 5 7 6 4 1 4 7 4 6 6 5 4 5 5 2 7 1 6],130.375,20.0,1.3392857142857142
52,115,1049,[3 6 5 7 6 4 1 4 7 4 6 6 5 4 5 5 2 7 1 6],130.0,20.0,1.3565217391304347
53,117,1055,[3 6 5 7 6 4 1 4 7 4 6 6 5 4 5 5 2 7 1 6],131.5811965811966,20.0,1.3846153846153846
54,120,1058,[3 6 5 7 6 4 1 4 7 4 6 6 5 4 5 5 2 7 1 6],131.31666666666666,20.0,1.4
55,127,1049,[3 6 5 7 6 4 1 4 7 4 6 6 5 4 5 5 2 7 1 6],125.18110236220473,20.0,1.4330708661417322
56,130,1047,[3 6 5 7 6 4 1 4 7 4 6 6 5 4 5 5 2 7 1 6],124.3923076923077,20.0,1.4615384615384615
57,136,1045,[3 6 5 7 6 4 1 4 7 4 6 6 5 4 5 5 2 7 1 6],121.4779411764706,20.0,1.4852941176470589
58,141,1043,[1 4 6 7 7 0 3 2 1 4 5 5 2 3 5 5 2 2 6 4],119.32624113475177,21.25,1.5177304964539007
59,147,1047,[1 4 6 7 7 0 3 2 1 4 5 5 2 3 5 5 2 2 6 4],117.03401360544218,21.25,1.5374149659863945
60,152,1043,[1 4 6 7 7 0 3 2 1 4 5 5 2 3 5 5 2 2 6 4],115.50657894736842,23.333333333333332,1.5526315789473684
61,156,1037,[1 4 6 7 7 0 3 2 1 4 5 5 2 3 5 5 2 2 6 4],114.00641025641026,23.333333333333332,1.564102564102564
62,159,1043,[1 4 6 7 7 0 3 2 1 4 5 5 2 3 5 5 2 2 6 4],113.76729559748428,23.333333333333332,1.5723270440251573
63,160,1047,[1 4 6 7 7 0 3 2 1 4 5 5 2 3 5 5 2 2 6 4],115.4375,23.0,1.6
64,168,1052,[1 4 6 7 7 0 3 2 1 4 5 5 2 3 5 5 2 2 6 4],112.20238095238095,23.0,1.619047619047619
65,172,1054,[4 5 6 6 7 3 7 2 1 2 5 1 0 6 1 3 7 4 3 0],111.63953488372093,22.857142857142858,1.6395348837209303
66,175,1051,[4 5 6 6 7 3 7 2 1 2 5 1 0 6 1 3 7 4 3 0],111.6,22.608695652173914,1.6685714285714286
67,178,1048,[4 5 6 6 7 3 7 2 1 2 5 1 0 6 1 3 7 4 3 0],110.75842696629213,22.4,1.696629213483146
68,184,1051,[4 5 6 6 7 3 7 2 1 2 5 1 0 6 1 3 7 4 3 0],109.54891304347827,22.4,1.7065217391304348
69,196,1060,[3 6 5 7 6 4 1 4 7 4 6 6 5 4 5 5 2 7 1 6],103.9438775510204,22.307692307692307,1.7346938775510203
70,200,1055,[3 6 5 7 6 4 1 4 7 4 6 6 5 4 5 5 2 7 1 6],103.585,27.333333333333332,1.69
71,209,1064,[3 6 5 7 6 4 1 4 7 4 6 6 5 4 5 5 2 7 1 6],100.7511961722488,27.096774193548388,1.7129186602870814
72,215,1057,[3 6 5 7 6 4 1 4 7 4 6 6 5 4 5 5 2 7 1 6],99.29302325581395,27.096774193548388,1.7209302325581395
73,224,1067,[3 6 5 7 6 4 1 4 7 4 6 6 5 4 5 5 2 7 1 6],96.48660714285714,26.875,1.7410714285714286
74,229,1056,[3 6 5 7 6 4 1 4 7 4 6 6 5 4 5 5 2 7 1 6],95.8471615720524,26.666666666666668,1.755458515283843
75,235,1059,[3 6 5 7 6 4 1 4 7 4 6 6 5 4 5 5 2 7 1 6],94.38297872340425,26.285714285714285,1.778723404255319
76,237,1063,[3 6 5 7 6 4 1 4 7 4 6 6 5 4 5 5 2 7 1 6],95.12658227848101,26.31578947368421,1.8059071729957805
77,248,1065,[3 6 5 7 6 4 1 4 7 4 6 6 5 4 5 5 2 7 1 6],91.56451612903226,26.153846153846153,1.8225806451612903
78,255,1062,[3 6 5 7 6 4 1 4 7 4 6 6 5 4 5 5 2 7 1 6],90.03921568627452,26.0,1.8352941176470587
79,260,1071,[3 6 5 7 6 4 1 4 7 4 6 6 5 4 5 5 2 7 1 6],89.40384615384616,25.853658536585368,1.8461538461538463
80,264,1068,[3 6 5 7 6 4 1 4 7 4 6 6 5 4 5 5 2 7 1 6],88.57954545454545,28.93617021276596,1.8484848484848484
81,271,1056,[3 6 5 7 6 4 1 4 7 4 6 6 5 4 5 5 2 7 1 6],86.5719557195572,28.93617021276596,1.8523985239852399
82,279,1049,[0 1 5 7 7 7 2 5 3 1 5 1 4 2 3 7 1 3 3 7],84.40860215053763,29.166666666666668,1.8566308243727598
83,292,1038,[0 1 5 7 7 7 2 5 3 1 5 1 4 2 3 7 1 3 3 7],81.13356164383562,29.166666666666668,1.8630136986301369
84,297,1044,[0 1 5 7 7 7 2 5 3 1 5 1 4 2 3 7 1 3 3 7],80.67003367003367,30.0,1.861952861952862
85,303,1059,[0 1 5 7 7 7 2 5 3 1 5 1 4 2 3 7 1 3 3 7],79.74257425742574,29.464285714285715,1.8844884488448845
86,308,1058,[0 1 5 7 7 7 2 5 3 1 5 1 4 2 3 7 1 3 3 7],79.15259740259741,29.137931034482758,1.8993506493506493
87,316,1054,[0 1 5 7 7 7 2 5 3 1 5 1 4 2 3 7 1 3 3 7],77.69303797468355,28.983050847457626,1.9082278481012658
88,319,1050,[0 1 5 7 7 7 2 5 3 1 5 1 4 2 3 7 1 3 3 7],77.10031347962382,28.28125,1.9404388714733543
89,322,1047,[0 1 5 7 7 7 2 5 3 1 5 1 4 2 3 7 1 3 3 7],76.94409937888199,27.714285714285715,1.9751552795031055
90,328,1046,[0 1 5 7 7 7 2 5 3 1 5 1 4 2 3 7 1 3 3 7],75.95731707317073,27.2972972972973,2.0
91,334,1045,[0 1 5 7 7 7 2 5 3 1 5 1 4 2 3 7 1 3 3 7],74.86826347305389,27.01298701298701,2.0179640718562872
92,337,1039,[0 1 5 7 7 7 2 5 3 1 5 1 4 2 3 7 1 3 3 7],74.33827893175074,26.987951807228917,2.0415430267062313
93,340,1040,[0 1 5 7 7 7 2 5 3 1 5 1 4 2 3 7 1 3 3 7],73.80882352941177,26.7816091954023,2.0617647058823527
94,341,1041,[0 1 5 7 7 7 2 5 3 1 5 1 4 2 3 7 1 3 3 7],74.12023460410558,26.630434782608695,2.0791788856304985
95,347,1040,[0 1 5 7 7 7 2 5 3 1 5 1 4 2 3 7 1 3 3 7],73.0086455331412,26.288659793814432,2.106628242074928
96,354,1035,[7 1 1 0 6 5 2 1 2 3 3 2 6 5 6 7 7 1 2 5],71.60169491525424,26.274509803921568,2.1242937853107344
97,358,1040,[7 1 1 0 6 5 2 1 2 3 3 2 6 5 6 7 7 1 2 5],71.60055865921788,26.095238095238095,2.1396648044692737
98,365,1037,[7 1 1 0 6 5 2 1 2 3 3 2 6 5 6 7 7 1 2 5],70.45205479452055,25.925925925925927,2.1534246575342464
99,371,1040,[7 1 1 0 6 5 2 1 2 3 3 2 6 5 6 7 7 1 2 5],70.1078167115903,26.0,2.169811320754717
100,371,1040,[7 1 1 0 6 5 2 1 2 3 3 2 6 5 6 7 7 1 2 5],70.5633423180593,26.065573770491802,2.2048517520215634
101,376,1048,[7 1 1 0 6 5 2 1 2 3 3 2 6 5 6 7 7 1 2 5],70.07446808510639,26.03174603174603,2.2127659574468086
102,374,1042,[7 1 1 0 6 5 2 1 2 3 3 2 6 5 6 7 7 1 2 5],70.94117647058823,25.833333333333332,2.2433155080213902
103,370,1050,[7 1 1 0 6 5 2 1 2 3 3 2 6 5 6 7 7 1 2 5],72.04864864864865,25.571428571428573,2.2864864864864867
104,373,1060,[7 1 1 0 6 5 2 1 2 3 3 2 6 5 6 7 7 1 2 5],71.49597855227881,25.34246575342466,2.316353887399464
105,375,1067,[7 1 1 0 6 5 2 1 2 3 3 2 6 5 6 7 7 1 2 5],71.08,25.22875816993464,2.3466666666666667
106,375,1063,[7 1 1 0 6 5 2 1 2 3 3 2 6 5 6 7 7 1 2 5],71.30666666666667,25.5625,2.3653333333333335
107,381,1073,[7 1 1 0 6 5 2 1 2 3 3 2 6 5 6 7 7 1 2 5],70.51181102362204,25.952380952380953,2.3622047244094486
108,383,1066,[7 1 1 0 6 5 2 1 2 3 3 2 6 5 6 7 7 1 2 5],70.24543080939948,25.852272727272727,2.3890339425587466
109,387,1068,[7 1 1 0 6 5 2 1 2 3 3 2 6 5 6 7 7 1 2 5],69.9250645994832,25.833333333333332,2.405684754521964
110,383,1070,[7 1 1 0 6 5 2 1 2 3 3 2 6 5 6 7 7 1 2 5],70.8981723237598,26.787564766839377,2.436031331592689
111,385,1073,[7 1 1 0 6 5 2 1 2 3 3 2 6 5 6 7 7 1 2 5],70.67792207792208,26.683417085427134,2.4545454545454546
112,389,1075,[7 1 1 0 6 5 2 1 2 3 3 2 6 5 6 7 7 1 2 5],70.19537275064268,26.634146341463413,2.473007712082262
113,386,1076,[7 1 1 0 6 5 2 1 2 3 3 2 6 5 6 7 7 1 2 5],71.02849740932642,26.666666666666668,2.5129533678756477
114,390,1075,[7 1 1 0 6 5 2 1 2 3 3 2 6 5 6 7 7 1 2 5],70.23333333333333,27.181818181818183,2.528205128205128
115,393,1085,[7 1 1 0 6 5 2 1 2 3 3 2 6 5 6 7 7 1 2 5],70.02798982188295,26.96035242290749,2.559796437659033
116,398,1084,[7 1 1 0 6 5 2 1 2 3 3 2 6 5 6 7 7 1 2 5],68.96482412060301,26.86695278969957,2.577889447236181
117,404,1083,[7 1 1 0 6 5 2 1 2 3 3 2 6 5 6 7 7 1 2 5],68.34158415841584,27.046413502109704,2.5618811881188117
118,410,1081,[7 1 1 0 6 5 2 1 2 3 3 2 6 5 6 7 7 1 2 5],67.13658536585366,27.095435684647303,2.5682926829268293
119,411,1073,[7 1 1 0 6 5 2 1 2 3 3 2 6 5 6 7 7 1 2 5],66.8029197080292,27.36,2.5693430656934306
120,414,1067,[7 1 1 0 6 5 2 1 2 3 3 2 6 5 6 7 7 1 2 5],66.34057971014492,28.125,2.5603864734299515
121,417,1073,[7 1 1 0 6 5 2 1 2 3 3 2 6 5 6 7 7 1 2 5],66.02158273381295,28.195488721804512,2.5851318944844124
122,426,1064,[7 1 1 0 6 5 2 1 2 3 3 2 6 5 6 7 7 1 2 5],64.44600938967136,28.25925925925926,2.584507042253521
123,426,1078,[7 1 1 0 6 5 2 1 2 3 3 2 6 5 6 7 7 1 2 5],64.33802816901408,28.602150537634408,2.60093896713615
124,425,1067,[7 1 1 0 6 5 2 1 2 3 3 2 6 5 6 7 7 1 2 5],64.47529411764705,28.680555555555557,2.6305882352941174
125,426,1073,[7 1 1 0 6 5 2 1 2 3 3 2 6 5 6 7 7 1 2 5],64.40610328638498,28.64864864864865,2.652582159624413
126,427,1078,[7 1 1 0 6 5 2 1 2 3 3 2 6 5 6 7 7 1 2 5],64.80327868852459,28.651315789473685,2.676814988290398
127,421,1072,[7 1 1 0 6 5 2 1 2 3 3 2 6 5 6 7 7 1 2 5],65.61520190023752,29.0,2.7220902612826605
128,428,1068,[7 1 1 0 6 5 2 1 2 3 3 2 6 5 6 7 7 1 2 5],64.39953271028037,28.88888888888889,2.7289719626168223
129,427,1074,[7 1 1 0 6 5 2 1 2 3 3 2 6 5 6 7 7 1 2 5],64.20374707259953,29.01492537313433,2.7728337236533958
130,427,1075,[7 1 1 0 6 5 2 1 2 3 3 2 6 5 6 7 7 1 2 5],64.28103044496487,29.563953488372093,2.7798594847775178
131,425,1061,[7 1 1 0 6 5 2 1 2 3 3 2 6 5 6 7 7 1 2 5],64.56705882352941,29.943181818181817,2.7623529411764705
132,427,1083,[7 1 1 0 6 5 2 1 2 3 3 2 6 5 6 7 7 1 2 5],64.34660421545668,30.027932960893853,2.7751756440281032
133,430,1094,[7 1 1 0 6 5 2 1 2 3 3 2 6 5 6 7 7 1 2 5],64.06744186046511,30.0,2.786046511627907
134,429,1078,[7 1 1 0 6 5 2 1 2 3 3 2 6 5 6 7 7 1 2 5],64.05361305361305,30.026881720430108,2.8135198135198136
135,435,1087,[7 1 1 0 6 5 2 1 2 3 3 2 6 5 6 7 7 1 2 5],63.14942528735632,30.106100795755967,2.8160919540229883
136,436,1074,[7 1 1 0 6 5 2 1 2 3 3 2 6 5 6 7 7 1 2 5],62.97018348623853,30.052083333333332,2.8440366972477062
137,437,1086,[7 1 1 0 6 5 2 1 2 3 3 2 6 5 6 7 7 1 2 5],63.109839816933636,30.25445292620865,2.8672768878718538
138,434,1093,[7 1 1 0 6 5 2 1 2 3 3 2 6 5 6 7 7 1 2 5],63.73732718894009,30.34739454094293,2.8870967741935485
139,432,1085,[7 1 1 0 6 5 2 1 2 3 3 2 6 5 6 7 7 1 2 5],63.675925925925924,30.481927710843372,2.9050925925925926
140,431,1080,[7 1 1 0 6 5 2 1 2 3 3 2 6 5 6 7 7 1 2 5],63.98143851508121,30.70754716981132,2.937354988399072
141,431,1093,[7 1 1 0 6 5 2 1 2 3 3 2 6 5 6 7 7 1 2 5],64.04872389791183,30.921658986175114,2.9559164733178656
142,434,1090,[7 1 1 0 6 5 2 1 2 3 3 2 6 5 6 7 7 1 2 5],63.62672811059908,30.793650793650794,2.9815668202764978
143,437,1091,[7 1 1 0 6 5 2 1 2 3 3 2 6 5 6 7 7 1 2 5],62.88329519450801,30.671140939597315,3.0
144,439,1088,[7 1 1 0 6 5 2 1 2 3 3 2 6 5 6 7 7 1 2 5],62.60364464692483,30.70175438596491,3.0250569476082005
145,433,1084,[7 1 1 0 6 5 2 1 2 3 3 2 6 5 6 7 7 1 2 5],63.47344110854503,30.833333333333332,3.069284064665127
146,432,1092,[7 1 1 0 6 5 2 1 2 3 3 2 6 5 6 7 7 1 2 5],63.682870370370374,30.87866108786611,3.1018518518518516
147,436,1093,[7 1 1 0 6 5 2 1 2 3 3 2 6 5 6 7 7 1 2 5],63.071100917431195,30.805785123966942,3.11697247706422
148,438,1095,[7 1 1 0 6 5 2 1 2 3 3 2 6 5 6 7 7 1 2 5],62.65525114155251,30.79268292682927,3.143835616438356
149,440,1092,[7 1 1 0 6 5 2 1 2 3 3 2 6 5 6 7 7 1 2 5],62.23863636363637,30.68,3.168181818181818
150,444,1093,[7 1 1 0 6 5 2 1 2 3 3 2 6 5 6 7 7 1 2 5],61.4527027027027,31.043307086614174,3.15990990990991
151,448,1085,[7 1 1 0 6 5 2 1 2 3 3 2 6 5 6 7 7 1 2 5],60.895089285714285,31.167315175097276,3.174107142857143
152,452,1082,[7 1 1 0 6 5 2 1 2 3 3 2 6 5 6 7 7 1 2 5],60.426991150442475,31.166347992351817,3.1946902654867255
153,451,1080,[7 1 1 0 6 5 2 1 2 3 3 2 6 5 6 7 7 1 2 5],60.44567627494457,31.339622641509433,3.2084257206208426
154,456,1082,[7 1 1 0 6 5 2 1 2 3 3 2 6 5 6 7 7 1 2 5],59.583333333333336,31.449814126394052,3.210526315789474
155,462,1090,[7 1 1 0 6 5 2 1 2 3 3 2 6 5 6 7 7 1 2 5],59.121212121212125,31.407678244972576,3.207792207792208
156,462,1076,[7 1 1 0 6 5 2 1 2 3 3 2 6 5 6 7 7 1 2 5],59.03030303030303,31.66365280289331,3.196969696969697
157,463,1083,[7 1 1 0 6 5 2 1 2 3 3 2 6 5 6 7 7 1 2 5],59.0280777537797,31.872791519434628,3.226781857451404
158,462,1089,[7 1 1 0 6 5 2 1 2 3 3 2 6 5 6 7 7 1 2 5],58.84632034632035,31.881533101045296,3.2510822510822512
159,465,1073,[7 1 1 0 6 5 2 1 2 3 3 2 6 5 6 7 7 1 2 5],57.86021505376344,31.982758620689655,3.232258064516129
160,467,1078,[7 1 1 0 6 5 2 1 2 3 3 2 6 5 6 7 7 1 2 5],57.601713062098504,32.22410865874363,3.2548179871520344
161,469,1080,[7 1 1 0 6 5 2 1 2 3 3 2 6 5 6 7 7 1 2 5],57.3411513859275,32.28714524207012,3.279317697228145
162,468,1073,[7 1 1 0 6 5 2 1 2 3 3 2 6 5 6 7 7 1 2 5],57.27350427350427,32.19672131147541,3.3290598290598292
163,468,1081,[7 1 1 0 6 5 2 1 2 3 3 2 6 5 6 7 7 1 2 5],57.085470085470085,32.16478190630048,3.356837606837607
164,471,1081,[7 1 1 0 6 5 2 1 2 3 3 2 6 5 6 7 7 1 2 5],56.70488322717622,32.18849840255591,3.356687898089172
165,468,1075,[7 1 1 0 6 5 2 1 2 3 3 2 6 5 6 7 7 1 2 5],56.916666666666664,32.36220472440945,3.3867521367521367
166,470,1081,[7 1 1 0 6 5 2 1 2 3 3 2 6 5 6 7 7 1 2 5],56.52978723404255,32.44548286604361,3.3851063829787233
167,471,1066,[7 1 1 0 6 5 2 1 2 3 3 2 6 5 6 7 7 1 2 5],56.09129511677283,32.43119266055046,3.424628450106157
168,478,1065,[7 1 1 0 6 5 2 1 2 3 3 2 6 5 6 7 7 1 2 5],55.12133891213389,32.53393665158371,3.3870292887029287
169,486,1081,[7 1 1 0 6 5 2 1 2 3 3 2 6 5 6 7 7 1 2 5],54.34156378600823,32.69345238095238,3.3395061728395063
170,485,1073,[7 1 1 0 6 5 2 1 2 3 3 2 6 5 6 7 7 1 2 5],54.317525773195875,33.41642228739003,3.2804123711340205
171,483,1067,[7 1 1 0 6 5 2 1 2 3 3 2 6 5 6 7 7 1 2 5],54.325051759834366,33.56421356421357,3.2960662525879916
172,483,1077,[7 1 1 0 6 5 2 1 2 3 3 2 6 5 6 7 7 1 2 5],54.028985507246375,33.58974358974359,3.329192546583851
173,488,1064,[7 1 1 0 6 5 2 1 2 3 3 2 6 5 6 7 7 1 2 5],53.38729508196721,33.83966244725738,3.3155737704918034
174,491,1068,[7 1 1 0 6 5 2 1 2 3 3 2 6 5 6 7 7 1 2 5],52.759674134419555,33.7134909596662,3.336048879837067
175,487,1057,[7 1 1 0 6 5 2 1 2 3 3 2 6 5 6 7 7 1 2 5],52.92402464065709,33.94808743169399,3.349075975359343
176,500,1080,[7 1 1 0 6 5 2 1 2 3 3 2 6 5 6 7 7 1 2 5],51.534,33.945578231292515,3.318
177,494,1073,[7 1 1 0 6 5 2 1 2 3 3 2 6 5 6 7 7 1 2 5],52.078947368421055,34.14342629482072,3.334008097165992
178,498,1055,[7 1 1 0 6 5 2 1 2 3 3 2 6 5 6 7 7 1 2 5],51.19076305220884,34.21813403416557,3.317269076305221
179,503,1072,[7 1 1 0 6 5 2 1 2 3 3 2 6 5 6 7 7 1 2 5],50.60636182902584,34.1948051948052,3.3300198807157058
180,495,1065,[7 1 1 0 6 5 2 1 2 3 3 2 6 5 6 7 7 1 2 5],51.2969696969697,34.5859872611465,3.3474747474747475
181,493,1054,[7 1 1 0 6 5 2 1 2 3 3 2 6 5 6 7 7 1 2 5],51.10953346855984,34.62406015037594,3.336713995943205
182,495,1069,[7 1 1 0 6 5 2 1 2 3 3 2 6 5 6 7 7 1 2 5],50.51313131313131,34.62111801242236,3.3515151515151516
183,492,1060,[7 1 1 0 6 5 2 1 2 3 3 2 6 5 6 7 7 1 2 5],50.709349593495936,34.5945945945946,3.3821138211382116
184,491,1064,[7 1 1 0 6 5 2 1 2 3 3 2 6 5 6 7 7 1 2 5],50.74745417515275,34.55864570737606,3.4134419551934827
185,496,1075,[7 1 1 0 6 5 2 1 2 3 3 2 6 5 6 7 7 1 2 5],50.17338709677419,34.59880239520958,3.401209677419355
186,498,1079,[7 1 1 0 6 5 2 1 2 3 3 2 6 5 6 7 7 1 2 5],49.65863453815261,34.62544589774078,3.4136546184738954
187,499,1073,[7 1 1 0 6 5 2 1 2 3 3 2 6 5 6 7 7 1 2 5],49.28256513026052,34.487632508833926,3.4428857715430863
188,501,1074,[7 1 1 0 6 5 2 1 2 3 3 2 6 5 6 7 7 1 2 5],48.84830339321357,34.50867052023121,3.463073852295409
189,496,1064,[7 1 1 0 6 5 2 1 2 3 3 2 6 5 6 7 7 1 2 5],48.975806451612904,34.65301478953356,3.4879032258064515
190,489,1056,[7 1 1 0 6 5 2 1 2 3 3 2 6 5 6 7 7 1 2 5],49.56237218813906,34.89337822671156,3.511247443762781
191,489,1082,[7 1 1 0 6 5 2 1 2 3 3 2 6 5 6 7 7 1 2 5],49.50306748466258,34.87777777777778,3.5357873210633946
192,494,1071,[7 1 1 0 6 5 2 1 2 3 3 2 6 5 6 7 7 1 2 5],48.78137651821862,34.8954895489549,3.5303643724696356
193,497,1079,[7 1 1 0 6 5 2 1 2 3 3 2 6 5 6 7 7 1 2 5],48.33802816901409,34.80916030534351,3.5492957746478875
194,497,1081,[7 1 1 0 6 5 2 1 2 3 3 2 6 5 6 7 7 1 2 5],47.94164989939638,34.83801295896328,3.569416498993964
195,501,1069,[7 1 1 0 6 5 2 1 2 3 3 2 6 5 6 7 7 1 2 5],47.365269461077844,34.903640256959314,3.5808383233532934
196,491,1043,[7 1 1 0 6 5 2 1 2 3 3 2 6 5 6 7 7 1 2 5],47.920570264765786,35.09473684210526,3.621181262729124
197,486,1059,[7 1 1 0 6 5 2 1 2 3 3 2 6 5 6 7 7 1 2 5],48.4320987654321,35.06763787721124,3.6419753086419755
198,479,1061,[7 1 1 0 6 5 2 1 2 3 3 2 6 5 6 7 7 1 2 5],48.79331941544885,35.02564102564103,3.6972860125260962
199,471,1067,[7 1 1 0 6 5 2 1 2 3 3 2 6 5 6 7 7 1 2 5],49.32696390658174,34.99493414387032,3.753715498938429
200,471,1069,[7 1 1 0 6 5 2 1 2 3 3 2 6 5 6 7 7 1 2 5],49.13375796178344,35.14514514514514,3.721868365180467
201,472,1066,[7 1 1 0 6 5 2 1 2 3 3 2 6 5 6 7 7 1 2 5],48.70974576271186,35.06944444444444,3.7563559322033897
202,479,1070,[7 1 1 0 6 5 2 1 2 3 3 2 6 5 6 7 7 1 2 5],47.68058455114823,34.99506416584403,3.7515657620041756
203,480,1044,[7 1 1 0 6 5 2 1 2 3 3 2 6 5 6 7 7 1 2 5],47.791666666666664,34.96565260058881,3.7729166666666667
204,479,1063,[7 1 1 0 6 5 2 1 2 3 3 2 6 5 6 7 7 1 2 5],47.766179540709814,34.941520467836256,3.789144050104384
205,479,1069,[7 1 1 0 6 5 2 1 2 3 3 2 6 5 6 7 7 1 2 5],47.43423799582463,34.8792270531401,3.816283924843424
206,478,1081,[7 1 1 0 6 5 2 1 2 3 3 2 6 5 6 7 7 1 2 5],47.57740585774059,34.98087954110898,3.8179916317991633
207,477,1077,[7 1 1 0 6 5 2 1 2 3 3 2 6 5 6 7 7 1 2 5],47.681341719077565,35.042573320719015,3.857442348008386
208,475,1086,[7 1 1 0 6 5 2 1 2 3 3 2 6 5 6 7 7 1 2 5],47.72,35.0,3.9073684210526314
209,466,1086,[7 1 1 0 6 5 2 1 2 3 3 2 6 5 6 7 7 1 2 5],48.52360515021459,35.420129270544784,3.815450643776824
210,469,1087,[7 1 1 0 6 5 2 1 2 3 3 2 6 5 6 7 7 1 2 5],47.90191897654584,35.803489439853074,3.763326226012793
211,467,1069,[7 1 1 0 6 5 2 1 2 3 3 2 6 5 6 7 7 1 2 5],47.87366167023555,35.77554744525548,3.78372591006424
212,460,1081,[7 1 1 0 6 5 2 1 2 3 3 2 6 5 6 7 7 1 2 5],48.5,35.785198555956676,3.832608695652174
213,456,1081,[7 1 1 0 6 5 2 1 2 3 3 2 6 5 6 7 7 1 2 5],48.75,35.825156110615524,3.8815789473684212
214,450,1078,[7 1 1 0 6 5 2 1 2 3 3 2 6 5 6 7 7 1 2 5],49.18666666666667,35.87301587301587,3.937777777777778
215,452,1083,[7 1 1 0 6 5 2 1 2 3 3 2 6 5 6 7 7 1 2 5],48.68141592920354,35.82532751091703,3.9690265486725664
216,451,1091,[7 1 1 0 6 5 2 1 2 3 3 2 6 5 6 7 7 1 2 5],48.851441241685144,35.87521663778163,3.977827050997783
217,453,1090,[7 1 1 0 6 5 2 1 2 3 3 2 6 5 6 7 7 1 2 5],48.390728476821195,35.925925925925924,3.9492273730684326
218,450,1096,[7 1 1 0 6 5 2 1 2 3 3 2 6 5 6 7 7 1 2 5],48.64,35.92307692307692,3.9755555555555557
219,446,1091,[7 1 1 0 6 5 2 1 2 3 3 2 6 5 6 7 7 1 2 5],48.73991031390135,36.1336717428088,3.9394618834080717
220,443,1099,[7 1 1 0 6 5 2 1 2 3 3 2 6 5 6 7 7 1 2 5],49.372460496613996,36.35983263598327,3.9390519187358914
221,444,1111,[7 1 1 0 6 5 2 1 2 3 3 2 6 5 6 7 7 1 2 5],49.07432432432432,36.3477537437604,3.939189189189189
222,436,1101,[7 1 1 0 6 5 2 1 2 3 3 2 6 5 6 7 7 1 2 5],49.59862385321101,36.324856439704675,4.022935779816514
223,441,1099,[7 1 1 0 6 5 2 1 2 3 3 2 6 5 6 7 7 1 2 5],48.77324263038549,36.34505314799673,4.006802721088436
224,443,1091,[7 1 1 0 6 5 2 1 2 3 3 2 6 5 6 7 7 1 2 5],48.23476297968397,36.48494711147274,4.0
225,438,1100,[7 1 1 0 6 5 2 1 2 3 3 2 6 5 6 7 7 1 2 5],48.778538812785385,36.76328502415459,4.018264840182648
226,429,1099,[7 1 1 0 6 5 2 1 2 3 3 2 6 5 6 7 7 1 2 5],49.71328671328671,36.788844621513945,4.090909090909091
227,433,1101,[7 1 1 0 6 5 2 1 2 3 3 2 6 5 6 7 7 1 2 5],49.094688221709006,36.925515055467514,4.041570438799076
228,433,1097,[7 1 1 0 6 5 2 1 2 3 3 2 6 5 6 7 7 1 2 5],49.38799076212471,37.08562450903378,4.020785219399538
229,432,1087,[7 1 1 0 6 5 2 1 2 3 3 2 6 5 6 7 7 1 2 5],49.24074074074074,37.109375,4.055555555555555
230,440,1102,[7 1 1 0 6 5 2 1 2 3 3 2 6 5 6 7 7 1 2 5],48.18181818181818,37.165109034267914,4.031818181818182
231,444,1091,[7 1 1 0 6 5 2 1 2 3 3 2 6 5 6 7 7 1 2 5],47.567567567567565,37.164988381099924,4.018018018018018
232,446,1077,[7 1 1 0 6 5 2 1 2 3 3 2 6 5 6 7 7 1 2 5],47.39013452914798,37.253846153846155,4.015695067264574
233,446,1077,[7 1 1 0 6 5 2 1 2 3 3 2 6 5 6 7 7 1 2 5],47.19730941704036,37.25190839694657,4.04932735426009
234,438,1090,[7 1 1 0 6 5 2 1 2 3 3 2 6 5 6 7 7 1 2 5],47.90867579908676,37.34848484848485,4.0867579908675795
235,440,1098,[7 1 1 0 6 5 2 1 2 3 3 2 6 5 6 7 7 1 2 5],47.695454545454545,37.2686230248307,4.115909090909091
236,439,1084,[7 1 1 0 6 5 2 1 2 3 3 2 6 5 6 7 7 1 2 5],47.712984054669704,37.369207772795214,4.145785876993166
237,441,1097,[7 1 1 0 6 5 2 1 2 3 3 2 6 5 6 7 7 1 2 5],47.36281179138322,37.48148148148148,4.145124716553288
238,445,1104,[7 1 1 0 6 5 2 1 2 3 3 2 6 5 6 7 7 1 2 5],46.57528089887641,37.5,4.1370786516853935
239,448,1085,[7 1 1 0 6 5 2 1 2 3 3 2 6 5 6 7 7 1 2 5],46.16294642857143,37.52387950036738,4.127232142857143
240,448,1093,[7 1 1 0 6 5 2 1 2 3 3 2 6 5 6 7 7 1 2 5],46.05580357142857,37.541940189642595,4.158482142857143
241,446,1078,[7 1 1 0 6 5 2 1 2 3 3 2 6 5 6 7 7 1 2 5],46.15470852017937,37.61421319796954,4.186098654708521
242,442,1090,[7 1 1 0 6 5 2 1 2 3 3 2 6 5 6 7 7 1 2 5],46.55882352941177,37.724982001439884,4.217194570135747
243,437,1084,[7 1 1 0 6 5 2 1 2 3 3 2 6 5 6 7 7 1 2 5],46.85812356979405,37.7626876340243,4.249427917620137
244,432,1092,[7 1 1 0 6 5 2 1 2 3 3 2 6 5 6 7 7 1 2 5],47.22222222222222,37.82178217821782,4.319444444444445
245,435,1100,[7 1 1 0 6 5 2 1 2 3 3 2 6 5 6 7 7 1 2 5],47.144827586206894,37.80436312456017,4.32183908045977
246,440,1097,[7 1 1 0 6 5 2 1 2 3 3 2 6 5 6 7 7 1 2 5],46.347727272727276,37.76842105263158,4.3136363636363635
247,437,1094,[7 1 1 0 6 5 2 1 2 3 3 2 6 5 6 7 7 1 2 5],46.29977116704806,37.742160278745644,4.361556064073227
248,429,1098,[7 1 1 0 6 5 2 1 2 3 3 2 6 5 6 7 7 1 2 5],47.03030303030303,37.78852798894264,4.396270396270396
249,433,1086,[7 1 1 0 6 5 2 1 2 3 3 2 6 5 6 7 7 1 2 5],46.4364896073903,37.86059351276742,4.38337182448037
250,429,1092,[7 1 1 0 6 5 2 1 2 3 3 2 6 5 6 7 7 1 2 5],47.02564102564103,37.98076923076923,4.382284382284382
251,424,1096,[7 1 1 0 6 5 2 1 2 3 3 2 6 5 6 7 7 1 2 5],47.27594339622642,38.055934515688946,4.412735849056604
252,427,1102,[7 1 1 0 6 5 2 1 2 3 3 2 6 5 6 7 7 1 2 5],46.887587822014055,38.01221166892809,4.428571428571429
253,427,1093,[7 1 1 0 6 5 2 1 2 3 3 2 6 5 6 7 7 1 2 5],46.96487119437939,37.997302764666216,4.451990632318501
254,428,1096,[7 1 1 0 6 5 2 1 2 3 3 2 6 5 6 7 7 1 2 5],46.88551401869159,38.025520483546,4.453271028037383
255,421,1086,[7 1 1 0 6 5 2 1 2 3 3 2 6 5 6 7 7 1 2 5],47.36104513064133,38.002663115845536,4.541567695961995
256,416,1112,[7 1 1 0 6 5 2 1 2 3 3 2 6 5 6 7 7 1 2 5],47.87980769230769,38.08047493403694,4.608173076923077
257,420,1095,[7 1 1 0 6 5 2 1 2 3 3 2 6 5 6 7 7 1 2 5],47.147619047619045,38.03805774278215,4.602380952380952
258,423,1097,[7 1 1 0 6 5 2 1 2 3 3 2 6 5 6 7 7 1 2 5],46.671394799054376,38.02614379084967,4.60047281323877
259,416,1110,[7 1 1 0 6 5 2 1 2 3 3 2 6 5 6 7 7 1 2 5],47.44951923076923,38.060959792477306,4.6610576923076925
260,416,1108,[7 1 1 0 6 5 2 1 2 3 3 2 6 5 6 7 7 1 2 5],47.69951923076923,38.02707930367505,4.6923076923076925
261,413,1094,[7 1 1 0 6 5 2 1 2 3 3 2 6 5 6 7 7 1 2 5],48.05569007263922,38.175416133162614,4.699757869249395
262,414,1101,[7 1 1 0 6 5 2 1 2 3 3 2 6 5 6 7 7 1 2 5],47.71497584541063,38.17080943275972,4.717391304347826
263,414,1096,[7 1 1 0 6 5 2 1 2 3 3 2 6 5 6 7 7 1 2 5],47.82608695652174,38.31959416613824,4.7270531400966185
264,413,1092,[7 1 1 0 6 5 2 1 2 3 3 2 6 5 6 7 7 1 2 5],47.95641646489104,38.339646464646464,4.753026634382566
265,411,1099,[7 1 1 0 6 5 2 1 2 3 3 2 6 5 6 7 7 1 2 5],48.06082725060827,38.376175548589345,4.805352798053528
266,412,1117,[7 1 1 0 6 5 2 1 2 3 3 2 6 5 6 7 7 1 2 5],48.20873786407767,38.34167709637046,4.813106796116505
267,414,1101,[7 1 1 0 6 5 2 1 2 3 3 2 6 5 6 7 7 1 2 5],47.7536231884058,38.37484433374844,4.814009661835748
268,415,1114,[7 1 1 0 6 5 2 1 2 3 3 2 6 5 6 7 7 1 2 5],47.46024096385542,38.59888406695598,4.766265060240964
269,413,1116,[7 1 1 0 6 5 2 1 2 3 3 2 6 5 6 7 7 1 2 5],47.94430992736078,38.65598027127004,4.731234866828087
270,410,1110,[7 1 1 0 6 5 2 1 2 3 3 2 6 5 6 7 7 1 2 5],48.165853658536584,38.841911764705884,4.7439024390243905
271,414,1108,[7 1 1 0 6 5 2 1 2 3 3 2 6 5 6 7 7 1 2 5],47.531400966183575,38.882101405009166,4.717391304347826
272,414,1092,[7 1 1 0 6 5 2 1 2 3 3 2 6 5 6 7 7 1 2 5],47.01449275362319,38.84498480243161,4.748792270531401
273,414,1097,[7 1 1 0 6 5 2 1 2 3 3 2 6 5 6 7 7 1 2 5],47.07729468599034,38.86198547215496,4.777777777777778
274,414,1089,[7 1 1 0 6 5 2 1 2 3 3 2 6 5 6 7 7 1 2 5],47.23671497584541,38.84127942063971,4.797101449275362
275,416,1101,[7 1 1 0 6 5 2 1 2 3 3 2 6 5 6 7 7 1 2 5],46.83173076923077,38.95306859205776,4.769230769230769
276,422,1104,[7 1 1 0 6 5 2 1 2 3 3 2 6 5 6 7 7 1 2 5],46.127962085308056,38.97959183673469,4.7440758293838865
277,422,1093,[7 1 1 0 6 5 2 1 2 3 3 2 6 5 6 7 7 1 2 5],46.170616113744074,38.96716417910448,4.779620853080568
278,423,1106,[7 1 1 0 6 5 2 1 2 3 3 2 6 5 6 7 7 1 2 5],46.198581560283685,39.02019002375297,4.801418439716312
279,428,1093,[7 1 1 0 6 5 2 1 2 3 3 2 6 5 6 7 7 1 2 5],45.60514018691589,38.976331360946745,4.796728971962617
280,424,1091,[7 1 1 0 6 5 2 1 2 3 3 2 6 5 6 7 7 1 2 5],45.73349056603774,39.17107583774251,4.7995283018867925
281,424,1102,[7 1 1 0 6 5 2 1 2 3 3 2 6 5 6 7 7 1 2 5],45.676886792452834,39.30994152046784,4.778301886792453
282,423,1090,[7 1 1 0 6 5 2 1 2 3 3 2 6 5 6 7 7 1 2 5],45.53900709219858,39.383362420011636,4.76595744680851
283,423,1097,[7 1 1 0 6 5 2 1 2 3 3 2 6 5 6 7 7 1 2 5],45.53191489361702,39.34530706836617,4.791962174940898
284,420,1092,[7 1 1 0 6 5 2 1 2 3 3 2 6 5 6 7 7 1 2 5],45.516666666666666,39.41108545034642,4.747619047619048
285,416,1091,[7 1 1 0 6 5 2 1 2 3 3 2 6 5 6 7 7 1 2 5],46.00240384615385,39.46008041355543,4.802884615384615
286,417,1094,[7 1 1 0 6 5 2 1 2 3 3 2 6 5 6 7 7 1 2 5],45.94964028776978,39.49055523755008,4.793764988009593
287,415,1106,[7 1 1 0 6 5 2 1 2 3 3 2 6 5 6 7 7 1 2 5],46.46746987951807,39.5164960182025,4.812048192771084
288,413,1105,[7 1 1 0 6 5 2 1 2 3 3 2 6 5 6 7 7 1 2 5],46.31719128329298,39.66685488424619,4.825665859564165
289,421,1110,[7 1 1 0 6 5 2 1 2 3 3 2 6 5 6 7 7 1 2 5],45.358669833729216,39.7240990990991,4.752969121140143
290,422,1091,[7 1 1 0 6 5 2 1 2 3 3 2 6 5 6 7 7 1 2 5],45.154028436018955,39.79786636720943,4.734597156398104
291,422,1085,[7 1 1 0 6 5 2 1 2 3 3 2 6 5 6 7 7 1 2 5],44.959715639810426,39.86577181208054,4.710900473933649
292,421,1088,[7 1 1 0 6 5 2 1 2 3 3 2 6 5 6 7 7 1 2 5],45.204275534441805,40.022296544035676,4.67458432304038
293,424,1104,[7 1 1 0 6 5 2 1 2 3 3 2 6 5 6 7 7 1 2 5],44.97641509433962,40.0,4.679245283018868
294,430,1106,[7 1 1 0 6 5 2 1 2 3 3 2 6 5 6 7 7 1 2 5],44.52558139534884,39.983361064891845,4.653488372093023
295,427,1093,[7 1 1 0 6 5 2 1 2 3 3 2 6 5 6 7 7 1 2 5],44.62763466042155,40.03861003861004,4.690866510538641
296,430,1094,[7 1 1 0 6 5 2 1 2 3 3 2 6 5 6 7 7 1 2 5],44.486046511627904,40.054914881933,4.693023255813953
297,425,1103,[7 1 1 0 6 5 2 1 2 3 3 2 6 5 6 7 7 1 2 5],45.03294117647059,40.23433242506812,4.684705882352941
298,420,1091,[7 1 1 0 6 5 2 1 2 3 3 2 6 5 6 7 7 1 2 5],45.22380952380952,40.29173419773095,4.752380952380952
299,419,1095,[7 1 1 0 6 5 2 1 2 3 3 2 6 5 6 7 7 1 2 5],45.04534606205251,40.225806451612904,4.79236276849642
300,418,1090,[7 1 1 0 6 5 2 1 2 3 3 2 6 5 6 7 7 1 2 5],45.01196172248804,40.208333333333336,4.830143540669856
301,414,1099,[7 1 1 0 6 5 2 1 2 3 3 2 6 5 6 7 7 1 2 5],45.40338164251208,40.19138755980861,4.893719806763285
302,412,1091,[7 1 1 0 6 5 2 1 2 3 3 2 6 5 6 7 7 1 2 5],45.29854368932039,40.17451084082496,4.944174757281553
303,411,1088,[7 1 1 0 6 5 2 1 2 3 3 2 6 5 6 7 7 1 2 5],45.52554744525548,40.179041600842545,4.963503649635037
304,415,1101,[7 1 1 0 6 5 2 1 2 3 3 2 6 5 6 7 7 1 2 5],45.06024096385542,40.199475065616795,4.9397590361445785
305,422,1101,[7 1 1 0 6 5 2 1 2 3 3 2 6 5 6 7 7 1 2 5],44.182464454976305,40.204295442640124,4.898104265402844
306,426,1110,[7 1 1 0 6 5 2 1 2 3 3 2 6 5 6 7 7 1 2 5],43.95070422535211,40.193110647181626,4.884976525821596
307,428,1100,[7 1 1 0 6 5 2 1 2 3 3 2 6 5 6 7 7 1 2 5],43.87149532710281,40.2027027027027,4.899532710280374
308,426,1090,[7 1 1 0 6 5 2 1 2 3 3 2 6 5 6 7 7 1 2 5],43.683098591549296,40.299741602067186,4.873239436619718
309,421,1098,[7 1 1 0 6 5 2 1 2 3 3 2 6 5 6 7 7 1 2 5],44.37767220902613,40.354391371340526,4.904988123515439
310,417,1092,[7 1 1 0 6 5 2 1 2 3 3 2 6 5 6 7 7 1 2 5],44.513189448441246,40.39877300613497,4.940047961630696
311,415,1100,[7 1 1 0 6 5 2 1 2 3 3 2 6 5 6 7 7 1 2 5],44.54216867469879,40.524173027989825,4.956626506024096
312,416,1090,[7 1 1 0 6 5 2 1 2 3 3 2 6 5 6 7 7 1 2 5],44.54326923076923,40.562595032944756,4.983173076923077
313,418,1102,[7 1 1 0 6 5 2 1 2 3 3 2 6 5 6 7 7 1 2 5],44.43540669856459,40.62626262626262,4.947368421052632
314,418,1097,[7 1 1 0 6 5 2 1 2 3 3 2 6 5 6 7 7 1 2 5],44.39234449760765,40.7035175879397,4.942583732057416
315,423,1103,[7 1 1 0 6 5 2 1 2 3 3 2 6 5 6 7 7 1 2 5],44.01418439716312,40.741482965931866,4.926713947990543
316,420,1086,[7 1 1 0 6 5 2 1 2 3 3 2 6 5 6 7 7 1 2 5],43.94047619047619,40.86739780658026,4.933333333333334
317,424,1097,[7 1 1 0 6 5 2 1 2 3 3 2 6 5 6 7 7 1 2 5],43.573113207547166,40.964214711729625,4.834905660377358
318,426,1088,[7 1 1 0 6 5 2 1 2 3 3 2 6 5 6 7 7 1 2 5],43.5,40.95143706640238,4.830985915492958
319,429,1089,[7 1 1 0 6 5 2 1 2 3 3 2 6 5 6 7 7 1 2 5],42.80885780885781,40.91493570722057,4.827505827505828
320,426,1091,[7 1 1 0 6 5 2 1 2 3 3 2 6 5 6 7 7 1 2 5],43.04225352112676,41.02261553588987,4.859154929577465
321,425,1096,[7 1 1 0 6 5 2 1 2 3 3 2 6 5 6 7 7 1 2 5],43.129411764705885,41.02450980392157,4.87764705882353
322,425,1090,[7 1 1 0 6 5 2 1 2 3 3 2 6 5 6 7 7 1 2 5],42.976470588235294,40.977517106549364,4.898823529411764
323,423,1090,[7 1 1 0 6 5 2 1 2 3 3 2 6 5 6 7 7 1 2 5],43.026004728132385,41.07108081791626,4.90307328605201
324,421,1081,[7 1 1 0 6 5 2 1 2 3 3 2 6 5 6 7 7 1 2 5],43.17577197149644,41.00970873786408,4.945368171021378
325,420,1095,[7 1 1 0 6 5 2 1 2 3 3 2 6 5 6 7 7 1 2 5],43.180952380952384,41.091787439613526,4.90952380952381
326,416,1099,[4 5 3 4 3 4 7 2 2 1 5 2 6 5 6 7 7 1 2 5],43.69230769230769,41.1084452975048,4.9639423076923075
327,413,1091,[4 5 3 4 3 4 7 2 2 1 5 2 6 5 6 7 7 1 2 5],43.728813559322035,41.17254528122021,4.987893462469733
328,418,1096,[4 5 3 4 3 4 7 2 2 1 5 2 6 5 6 7 7 1 2 5],43.17464114832536,41.14068441064639,4.966507177033493
329,425,1094,[4 5 3 4 3 4 7 2 2 1 5 2 6 5 6 7 7 1 2 5],42.656470588235294,41.23339658444023,4.912941176470588
330,431,1092,[4 5 3 4 3 4 7 2 2 1 5 2 6 5 6 7 7 1 2 5],42.14385150812065,41.31504257332072,4.844547563805104
331,436,1101,[4 5 3 4 3 4 7 2 2 1 5 2 6 5 6 7 7 1 2 5],41.63532110091743,41.324846770391325,4.827981651376147
332,434,1097,[4 5 3 4 3 4 7 2 2 1 5 2 6 5 6 7 7 1 2 5],41.836405529953915,41.34146341463415,4.84331797235023
333,434,1100,[4 5 3 4 3 4 7 2 2 1 5 2 6 5 6 7 7 1 2 5],41.94239631336406,41.34705332086062,4.847926267281106
334,430,1080,[4 5 3 4 3 4 7 2 2 1 5 2 6 5 6 7 7 1 2 5],41.97441860465116,41.35601118359739,4.890697674418605
335,426,1081,[4 5 3 4 3 4 7 2 2 1 5 2 6 5 6 7 7 1 2 5],41.96948356807512,41.567717996289424,4.84037558685446
336,429,1091,[4 5 3 4 3 4 7 2 2 1 5 2 6 5 6 7 7 1 2 5],41.70862470862471,41.529574861367834,4.8508158508158505
337,437,1097,[4 5 3 4 3 4 7 2 2 1 5 2 6 5 6 7 7 1 2 5],40.878718535469105,41.483870967741936,4.823798627002288
338,437,1070,[4 5 3 4 3 4 7 2 2 1 5 2 6 5 6 7 7 1 2 5],40.4279176201373,41.45938503900872,4.855835240274599
339,440,1088,[4 5 3 4 3 4 7 2 2 1 5 2 6 5 6 7 7 1 2 5],40.43181818181818,41.444901691815275,4.836363636363636
340,441,1075,[4 5 3 4 3 4 7 2 2 1 5 2 6 5 6 7 7 1 2 5],40.249433106575964,41.50865998176846,4.800453514739229
341,444,1080,[4 5 3 4 3 4 7 2 2 1 5 2 6 5 6 7 7 1 2 5],39.840090090090094,41.505229649840835,4.79954954954955
342,442,1083,[4 5 3 4 3 4 7 2 2 1 5 2 6 5 6 7 7 1 2 5],39.83031674208145,41.662890801993655,4.757918552036199
